issue_name_kor,issue_game_count,positive_game_count,negative_game_count,tag_positive_game_count,tag_negative_game_count,tag_mixed_game_count,high_urgency_game_count,both_positive_negative_game_count,total_issue_review_count,total_game_count,issue_game_ratio,priority_level,priority_rule_detail,priority_reason
게임플레이 루프,126,108,88,82,100,18,72,70,1008,163,77.3,상,상: 절대 기준 상 후보 중 조건 내 상대 우선순위 상위 이슈,"여러 게임 반복성, 조건 내 발생 비율, Steam 비추천 맥락을 기준으로 볼 때 해당 조건에서 우선적으로 확인할 필요가 있는 상위 점검 항목으로 분류함. 절대 기준 후보는 '상'였음. 최종 보정: 절대 기준 '상' 후보 중 조건 내 상대 우선순위 상위 6개로 유지. 적용 규칙: 상: 절대 기준 상 후보 중 조건 내 상대 우선순위 상위 이슈. High urgency 후보는 72개 게임에서 확인되었지만, 우선순위 계산에는 직접 사용하지 않고 보조 참고 지표로만 남김."
UI/UX,95,84,58,26,83,4,51,47,423,163,58.3,상,상: 절대 기준 상 후보 중 조건 내 상대 우선순위 상위 이슈,"여러 게임 반복성, 조건 내 발생 비율, Steam 비추천 맥락을 기준으로 볼 때 해당 조건에서 우선적으로 확인할 필요가 있는 상위 점검 항목으로 분류함. 절대 기준 후보는 '상'였음. 최종 보정: 절대 기준 '상' 후보 중 조건 내 상대 우선순위 상위 6개로 유지. 적용 규칙: 상: 절대 기준 상 후보 중 조건 내 상대 우선순위 상위 이슈. High urgency 후보는 51개 게임에서 확인되었지만, 우선순위 계산에는 직접 사용하지 않고 보조 참고 지표로만 남김."
그래픽/사운드,94,86,44,71,61,7,39,36,384,163,57.7,상,상: 절대 기준 상 후보 중 조건 내 상대 우선순위 상위 이슈,"여러 게임 반복성, 조건 내 발생 비율, Steam 비추천 맥락을 기준으로 볼 때 해당 조건에서 우선적으로 확인할 필요가 있는 상위 점검 항목으로 분류함. 절대 기준 후보는 '상'였음. 최종 보정: 절대 기준 '상' 후보 중 조건 내 상대 우선순위 상위 6개로 유지. 적용 규칙: 상: 절대 기준 상 후보 중 조건 내 상대 우선순위 상위 이슈. High urgency 후보는 39개 게임에서 확인되었지만, 우선순위 계산에는 직접 사용하지 않고 보조 참고 지표로만 남김."
콘텐츠 분량,93,85,39,42,59,5,27,31,520,163,57.1,상,상: 절대 기준 상 후보 중 조건 내 상대 우선순위 상위 이슈,"여러 게임 반복성, 조건 내 발생 비율, Steam 비추천 맥락을 기준으로 볼 때 해당 조건에서 우선적으로 확인할 필요가 있는 상위 점검 항목으로 분류함. 절대 기준 후보는 '상'였음. 최종 보정: 절대 기준 '상' 후보 중 조건 내 상대 우선순위 상위 6개로 유지. 적용 규칙: 상: 절대 기준 상 후보 중 조건 내 상대 우선순위 상위 이슈. High urgency 후보는 27개 게임에서 확인되었지만, 우선순위 계산에는 직접 사용하지 않고 보조 참고 지표로만 남김."
난이도,86,79,41,33,61,5,29,34,372,163,52.8,상,상: 절대 기준 상 후보 중 조건 내 상대 우선순위 상위 이슈,"여러 게임 반복성, 조건 내 발생 비율, Steam 비추천 맥락을 기준으로 볼 때 해당 조건에서 우선적으로 확인할 필요가 있는 상위 점검 항목으로 분류함. 절대 기준 후보는 '상'였음. 최종 보정: 절대 기준 '상' 후보 중 조건 내 상대 우선순위 상위 6개로 유지. 적용 규칙: 상: 절대 기준 상 후보 중 조건 내 상대 우선순위 상위 이슈. High urgency 후보는 29개 게임에서 확인되었지만, 우선순위 계산에는 직접 사용하지 않고 보조 참고 지표로만 남김."
밸런스,56,43,41,9,54,3,35,28,256,163,34.4,상,상: 절대 기준 상 후보 중 조건 내 상대 우선순위 상위 이슈,"여러 게임 반복성, 조건 내 발생 비율, Steam 비추천 맥락을 기준으로 볼 때 해당 조건에서 우선적으로 확인할 필요가 있는 상위 점검 항목으로 분류함. 절대 기준 후보는 '상'였음. 최종 보정: 절대 기준 '상' 후보 중 조건 내 상대 우선순위 상위 6개로 유지. 적용 규칙: 상: 절대 기준 상 후보 중 조건 내 상대 우선순위 상위 이슈. High urgency 후보는 35개 게임에서 확인되었지만, 우선순위 계산에는 직접 사용하지 않고 보조 참고 지표로만 남김."
버그,79,64,38,15,75,2,53,23,378,163,48.5,중,중: 절대 기준 상 후보였으나 최종 상위 이슈 제한 기준에 따라 중으로 조정,"반복성 또는 Steam 비추천 맥락이 확인되어 출시 전 체크리스트에 포함할 필요가 있는 점검 항목으로 분류함. 절대 기준 후보는 '상'였음. 최종 보정: 절대 기준상 '상' 후보였으나, 최종 '상' 개수 제한 기준에 따라 '중'으로 조정. 적용 규칙: 중: 절대 기준 상 후보였으나 최종 상위 이슈 제한 기준에 따라 중으로 조정. High urgency 후보는 53개 게임에서 확인되었지만, 우선순위 계산에는 직접 사용하지 않고 보조 참고 지표로만 남김."
기타,71,55,41,10,48,1,27,25,185,163,43.6,중,기타 이슈는 원인 범주가 넓어 세부 리뷰 확인 대상으로 분리,"반복성 또는 Steam 비추천 맥락이 확인되어 출시 전 체크리스트에 포함할 필요가 있는 점검 항목으로 분류함. 절대 기준 후보는 '상'였음. 최종 보정: 기타 이슈는 원인 범주가 넓어 세부 리뷰 확인 대상으로 분리. 적용 규칙: 기타 이슈는 원인 범주가 넓어 세부 리뷰 확인 대상으로 분리. High urgency 후보는 27개 게임에서 확인되었지만, 우선순위 계산에는 직접 사용하지 않고 보조 참고 지표로만 남김."
조작감,67,52,38,17,58,3,39,23,247,163,41.1,중,중: 절대 기준 상 후보였으나 최종 상위 이슈 제한 기준에 따라 중으로 조정,"반복성 또는 Steam 비추천 맥락이 확인되어 출시 전 체크리스트에 포함할 필요가 있는 점검 항목으로 분류함. 절대 기준 후보는 '상'였음. 최종 보정: 절대 기준상 '상' 후보였으나, 최종 '상' 개수 제한 기준에 따라 '중'으로 조정. 적용 규칙: 중: 절대 기준 상 후보였으나 최종 상위 이슈 제한 기준에 따라 중으로 조정. High urgency 후보는 39개 게임에서 확인되었지만, 우선순위 계산에는 직접 사용하지 않고 보조 참고 지표로만 남김."
가격/가치,67,51,36,39,39,3,26,20,201,163,41.1,중,중: 절대 기준 상 후보였으나 최종 상위 이슈 제한 기준에 따라 중으로 조정,"반복성 또는 Steam 비추천 맥락이 확인되어 출시 전 체크리스트에 포함할 필요가 있는 점검 항목으로 분류함. 절대 기준 후보는 '상'였음. 최종 보정: 절대 기준상 '상' 후보였으나, 최종 '상' 개수 제한 기준에 따라 '중'으로 조정. 적용 규칙: 중: 절대 기준 상 후보였으나 최종 상위 이슈 제한 기준에 따라 중으로 조정. High urgency 후보는 26개 게임에서 확인되었지만, 우선순위 계산에는 직접 사용하지 않고 보조 참고 지표로만 남김."
스토리,50,44,26,25,38,5,17,20,247,163,30.7,중,중: 절대 기준 상 후보였으나 최종 상위 이슈 제한 기준에 따라 중으로 조정,"반복성 또는 Steam 비추천 맥락이 확인되어 출시 전 체크리스트에 포함할 필요가 있는 점검 항목으로 분류함. 절대 기준 후보는 '상'였음. 최종 보정: 절대 기준상 '상' 후보였으나, 최종 '상' 개수 제한 기준에 따라 '중'으로 조정. 적용 규칙: 중: 절대 기준 상 후보였으나 최종 상위 이슈 제한 기준에 따라 중으로 조정. High urgency 후보는 17개 게임에서 확인되었지만, 우선순위 계산에는 직접 사용하지 않고 보조 참고 지표로만 남김."
저장/진행,45,32,24,5,39,0,29,11,110,163,27.6,중,중: 절대 기준 상 후보였으나 최종 상위 이슈 제한 기준에 따라 중으로 조정,"반복성 또는 Steam 비추천 맥락이 확인되어 출시 전 체크리스트에 포함할 필요가 있는 점검 항목으로 분류함. 절대 기준 후보는 '상'였음. 최종 보정: 절대 기준상 '상' 후보였으나, 최종 '상' 개수 제한 기준에 따라 '중'으로 조정. 적용 규칙: 중: 절대 기준 상 후보였으나 최종 상위 이슈 제한 기준에 따라 중으로 조정. High urgency 후보는 29개 게임에서 확인되었지만, 우선순위 계산에는 직접 사용하지 않고 보조 참고 지표로만 남김."
성능,44,35,16,15,34,0,22,7,89,163,27.0,중,중: 절대 기준 상 후보였으나 최종 상위 이슈 제한 기준에 따라 중으로 조정,"반복성 또는 Steam 비추천 맥락이 확인되어 출시 전 체크리스트에 포함할 필요가 있는 점검 항목으로 분류함. 절대 기준 후보는 '상'였음. 최종 보정: 절대 기준상 '상' 후보였으나, 최종 '상' 개수 제한 기준에 따라 '중'으로 조정. 적용 규칙: 중: 절대 기준 상 후보였으나 최종 상위 이슈 제한 기준에 따라 중으로 조정. High urgency 후보는 22개 게임에서 확인되었지만, 우선순위 계산에는 직접 사용하지 않고 보조 참고 지표로만 남김."
개발사 소통,41,37,10,31,12,1,12,6,85,163,25.2,중,중: 절대 기준 상 후보였으나 최종 상위 이슈 제한 기준에 따라 중으로 조정,"반복성 또는 Steam 비추천 맥락이 확인되어 출시 전 체크리스트에 포함할 필요가 있는 점검 항목으로 분류함. 절대 기준 후보는 '상'였음. 최종 보정: 절대 기준상 '상' 후보였으나, 최종 '상' 개수 제한 기준에 따라 '중'으로 조정. 적용 규칙: 중: 절대 기준 상 후보였으나 최종 상위 이슈 제한 기준에 따라 중으로 조정. High urgency 후보는 12개 게임에서 확인되었지만, 우선순위 계산에는 직접 사용하지 않고 보조 참고 지표로만 남김."
성장/반복 노가다,36,25,26,8,34,2,20,15,148,163,22.1,중,중: 절대 기준 상 후보였으나 최종 상위 이슈 제한 기준에 따라 중으로 조정,"반복성 또는 Steam 비추천 맥락이 확인되어 출시 전 체크리스트에 포함할 필요가 있는 점검 항목으로 분류함. 절대 기준 후보는 '상'였음. 최종 보정: 절대 기준상 '상' 후보였으나, 최종 '상' 개수 제한 기준에 따라 '중'으로 조정. 적용 규칙: 중: 절대 기준 상 후보였으나 최종 상위 이슈 제한 기준에 따라 중으로 조정. High urgency 후보는 20개 게임에서 확인되었지만, 우선순위 계산에는 직접 사용하지 않고 보조 참고 지표로만 남김."
멀티/네트워크,33,31,10,12,21,2,12,8,98,163,20.2,중,중: 절대 기준 상 후보였으나 최종 상위 이슈 제한 기준에 따라 중으로 조정,"반복성 또는 Steam 비추천 맥락이 확인되어 출시 전 체크리스트에 포함할 필요가 있는 점검 항목으로 분류함. 절대 기준 후보는 '상'였음. 최종 보정: 절대 기준상 '상' 후보였으나, 최종 '상' 개수 제한 기준에 따라 '중'으로 조정. 적용 규칙: 중: 절대 기준 상 후보였으나 최종 상위 이슈 제한 기준에 따라 중으로 조정. High urgency 후보는 12개 게임에서 확인되었지만, 우선순위 계산에는 직접 사용하지 않고 보조 참고 지표로만 남김."
크래시,30,12,23,2,30,0,27,5,55,163,18.4,중,중: 절대 기준 상 후보였으나 최종 상위 이슈 제한 기준에 따라 중으로 조정,"반복성 또는 Steam 비추천 맥락이 확인되어 출시 전 체크리스트에 포함할 필요가 있는 점검 항목으로 분류함. 절대 기준 후보는 '상'였음. 최종 보정: 절대 기준상 '상' 후보였으나, 최종 '상' 개수 제한 기준에 따라 '중'으로 조정. 적용 규칙: 중: 절대 기준 상 후보였으나 최종 상위 이슈 제한 기준에 따라 중으로 조정. High urgency 후보는 27개 게임에서 확인되었지만, 우선순위 계산에는 직접 사용하지 않고 보조 참고 지표로만 남김."
최적화,28,20,10,8,20,0,10,2,35,163,17.2,중,중: 절대 기준 상 후보였으나 최종 상위 이슈 제한 기준에 따라 중으로 조정,"반복성 또는 Steam 비추천 맥락이 확인되어 출시 전 체크리스트에 포함할 필요가 있는 점검 항목으로 분류함. 절대 기준 후보는 '상'였음. 최종 보정: 절대 기준상 '상' 후보였으나, 최종 '상' 개수 제한 기준에 따라 '중'으로 조정. 적용 규칙: 중: 절대 기준 상 후보였으나 최종 상위 이슈 제한 기준에 따라 중으로 조정. High urgency 후보는 10개 게임에서 확인되었지만, 우선순위 계산에는 직접 사용하지 않고 보조 참고 지표로만 남김."
번역/현지화,21,18,6,3,16,0,6,3,33,163,12.9,중,중: 절대 기준 상 후보였으나 최종 상위 이슈 제한 기준에 따라 중으로 조정,"반복성 또는 Steam 비추천 맥락이 확인되어 출시 전 체크리스트에 포함할 필요가 있는 점검 항목으로 분류함. 절대 기준 후보는 '상'였음. 최종 보정: 절대 기준상 '상' 후보였으나, 최종 '상' 개수 제한 기준에 따라 '중'으로 조정. 적용 규칙: 중: 절대 기준 상 후보였으나 최종 상위 이슈 제한 기준에 따라 중으로 조정. High urgency 후보는 6개 게임에서 확인되었지만, 우선순위 계산에는 직접 사용하지 않고 보조 참고 지표로만 남김."
과금,14,7,8,4,9,0,7,1,25,163,8.6,중,중: 절대 기준 상 후보였으나 최종 상위 이슈 제한 기준에 따라 중으로 조정,"반복성 또는 Steam 비추천 맥락이 확인되어 출시 전 체크리스트에 포함할 필요가 있는 점검 항목으로 분류함. 절대 기준 후보는 '상'였음. 최종 보정: 절대 기준상 '상' 후보였으나, 최종 '상' 개수 제한 기준에 따라 '중'으로 조정. 적용 규칙: 중: 절대 기준 상 후보였으나 최종 상위 이슈 제한 기준에 따라 중으로 조정. High urgency 후보는 7개 게임에서 확인되었지만, 우선순위 계산에는 직접 사용하지 않고 보조 참고 지표로만 남김."
긍정 칭찬,153,152,40,153,0,0,42,39,3186,163,93.9,하,강점 유지 항목이므로 개선 리스크 우선순위 산정 대상에서 분리,"반복성 또는 Steam 비추천 맥락 근거가 상대적으로 약해 참고용 항목으로 분류함. 절대 기준 후보는 '상'였음. 최종 보정: 강점 유지 항목이므로 개선 리스크 우선순위 산정 대상에서 분리. 적용 규칙: 강점 유지 항목이므로 개선 리스크 우선순위 산정 대상에서 분리. High urgency 후보는 42개 게임에서 확인되었지만, 우선순위 계산에는 직접 사용하지 않고 보조 참고 지표로만 남김."
