llm_issue_category,appid,game_name,issue_name_kor,affected_review_count,positive_review_count,negative_review_count,mixed_review_count,negative_mixed_review_count,steam_negative_review_count,high_urgency_review_count,high_urgency_negative_mixed_review_count,recent_30d_review_count,recent_30d_negative_mixed_review_count,early_playtime_negative_mixed_review_count,avg_playtime_at_review_hours,median_playtime_at_review_hours,high_urgency_rate,negative_mixed_rate,steam_negative_rate,recent_30d_negative_mixed_rate,action_group_hint,priority_candidate,rule_priority_hint,priority_selection_note,priority_rule_detail,priority_reason,patch_ops_note,source_run
gameplay_loop,1309950,Children of the Sun,게임플레이 루프,179,63,93,6,99,50,11,11,5,2,87,3.86,3.55,0.0615,0.5531,0.2793,0.4,단기 개선,상,상,절대 기준 '상' 후보 중 이번 게임 내 상대 우선순위 상위 6개로 유지,절대 기준 상 후보 + 게임 내 상대 우선순위 상위 이슈,"영향 리뷰 179개, 부정·혼합 99개, Steam 비추천 맥락 50개, 최근 30일 부정·혼합 2개, 초반 플레이타임 부정·혼합 87개, High urgency 후보 11개(보조 참고), 절대 기준 후보 상, 규칙 근거: 절대 기준 상 후보 + 게임 내 상대 우선순위 상위 이슈","반복 피로, 목표 구조, 보상 흐름을 점검하고 플레이 루프의 지루함을 줄인다.",children_of_the_sun
difficulty,1309950,Children of the Sun,난이도,97,18,46,4,50,10,4,4,1,1,37,5.01,3.93,0.0412,0.5155,0.1031,1.0,단기 개선,상,상,절대 기준 '상' 후보 중 이번 게임 내 상대 우선순위 상위 6개로 유지,절대 기준 상 후보 + 게임 내 상대 우선순위 상위 이슈,"영향 리뷰 97개, 부정·혼합 50개, Steam 비추천 맥락 10개, 최근 30일 부정·혼합 1개, 초반 플레이타임 부정·혼합 37개, High urgency 후보 4개(보조 참고), 절대 기준 후보 상, 규칙 근거: 절대 기준 상 후보 + 게임 내 상대 우선순위 상위 이슈",초반 진입 장벽과 후반 난이도 피로를 구분해 난이도 옵션 또는 안내를 보강한다.,children_of_the_sun
content_volume,1309950,Children of the Sun,콘텐츠 분량,208,25,52,4,56,13,2,2,1,0,40,4.12,3.81,0.0096,0.2692,0.0625,0.0,장기 검토,상,상,절대 기준 '상' 후보 중 이번 게임 내 상대 우선순위 상위 6개로 유지,절대 기준 상 후보 + 게임 내 상대 우선순위 상위 이슈,"영향 리뷰 208개, 부정·혼합 56개, Steam 비추천 맥락 13개, 초반 플레이타임 부정·혼합 40개, High urgency 후보 2개(보조 참고), 절대 기준 후보 상, 규칙 근거: 절대 기준 상 후보 + 게임 내 상대 우선순위 상위 이슈",콘텐츠 부족·반복성은 단기 패치보다 업데이트 로드맵 관점에서 검토한다.,children_of_the_sun
graphics_audio,1309950,Children of the Sun,그래픽/사운드,87,34,36,5,41,21,7,6,2,2,29,3.96,3.5,0.0805,0.4713,0.2414,1.0,장기 검토,상,상,절대 기준 '상' 후보 중 이번 게임 내 상대 우선순위 상위 6개로 유지,절대 기준 상 후보 + 게임 내 상대 우선순위 상위 이슈,"영향 리뷰 87개, 부정·혼합 41개, Steam 비추천 맥락 21개, 최근 30일 부정·혼합 2개, 초반 플레이타임 부정·혼합 29개, High urgency 후보 7개(보조 참고), 절대 기준 후보 상, 규칙 근거: 절대 기준 상 후보 + 게임 내 상대 우선순위 상위 이슈",그래픽/사운드가 몰입을 방해하는지와 강점으로 작동하는지를 함께 확인한다.,children_of_the_sun
price_value,1309950,Children of the Sun,가격/가치,58,13,27,3,30,13,0,0,1,0,27,3.39,3.43,0.0,0.5172,0.2241,0.0,장기 검토,상,상,절대 기준 '상' 후보 중 이번 게임 내 상대 우선순위 상위 6개로 유지,절대 기준 상 후보 + 게임 내 상대 우선순위 상위 이슈,"영향 리뷰 58개, 부정·혼합 30개, Steam 비추천 맥락 13개, 초반 플레이타임 부정·혼합 27개, 절대 기준 후보 상, 규칙 근거: 절대 기준 상 후보 + 게임 내 상대 우선순위 상위 이슈",가격 대비 만족도 불만이 반복되는지 확인하고 할인/번들/콘텐츠 가치 전달을 검토한다.,children_of_the_sun
story,1309950,Children of the Sun,스토리,65,14,22,1,23,11,0,0,0,0,15,4.04,4.03,0.0,0.3538,0.1692,0.0,장기 검토,상,상,절대 기준 '상' 후보 중 이번 게임 내 상대 우선순위 상위 6개로 유지,절대 기준 상 후보 + 게임 내 상대 우선순위 상위 이슈,"영향 리뷰 65개, 부정·혼합 23개, Steam 비추천 맥락 11개, 초반 플레이타임 부정·혼합 15개, 절대 기준 후보 상, 규칙 근거: 절대 기준 상 후보 + 게임 내 상대 우선순위 상위 이슈","서사 전달, 퀘스트 흐름, 엔딩/분기 만족도를 장기 개선 후보로 검토한다.",children_of_the_sun
ui_ux,1309950,Children of the Sun,UI/UX,33,3,27,1,28,7,6,6,2,2,20,4.92,3.25,0.1818,0.8485,0.2121,1.0,단기 개선,중,중,절대 기준상 '중' 후보로 분류,부정·혼합 맥락과 Steam 비추천 맥락이 일정 수준 확인,"영향 리뷰 33개, 부정·혼합 28개, Steam 비추천 맥락 7개, 최근 30일 부정·혼합 2개, 초반 플레이타임 부정·혼합 20개, High urgency 후보 6개(보조 참고), 절대 기준 후보 중, 규칙 근거: 부정·혼합 맥락과 Steam 비추천 맥락이 일정 수준 확인","메뉴, 인벤토리, 퀘스트 안내, 조작 안내 등 편의성 문제를 개선한다.",children_of_the_sun
control,1309950,Children of the Sun,조작감,30,5,20,1,21,7,5,5,0,0,14,4.14,3.29,0.1667,0.7,0.2333,0.0,단기 개선,중,중,절대 기준상 '중' 후보로 분류,부정·혼합 맥락과 Steam 비추천 맥락이 일정 수준 확인,"영향 리뷰 30개, 부정·혼합 21개, Steam 비추천 맥락 7개, 초반 플레이타임 부정·혼합 14개, High urgency 후보 5개(보조 참고), 절대 기준 후보 중, 규칙 근거: 부정·혼합 맥락과 Steam 비추천 맥락이 일정 수준 확인","이동, 전투, 상호작용 조작의 반응성과 키 설정 편의성을 점검한다.",children_of_the_sun
other,1309950,Children of the Sun,기타,38,2,11,0,11,6,2,2,0,0,10,3.06,2.88,0.0526,0.2895,0.1579,0.0,검토 필요,중,중,기타 이슈는 원인이 명확하지 않아 세부 리뷰 확인 대상으로 분리,기타 이슈는 원인 범주가 넓어 세부 리뷰 확인 대상으로 분리,"영향 리뷰 38개, 부정·혼합 11개, Steam 비추천 맥락 6개, 초반 플레이타임 부정·혼합 10개, High urgency 후보 2개(보조 참고), 절대 기준 후보 중, 규칙 근거: 기타 이슈는 원인 범주가 넓어 세부 리뷰 확인 대상으로 분리",세부 리뷰를 확인해 반복되는 하위 원인이 있는지 검토한다.,children_of_the_sun
bug,1309950,Children of the Sun,버그,10,0,10,0,10,4,6,6,0,0,8,4.31,3.47,0.6,1.0,0.4,0.0,즉시 확인,하,하,절대 기준상 하 또는 개선 우선순위 근거가 상대적으로 약함,반복성 또는 Steam 비추천 맥락 근거가 상대적으로 약함,"영향 리뷰 10개, 부정·혼합 10개, Steam 비추천 맥락 4개, 초반 플레이타임 부정·혼합 8개, High urgency 후보 6개(보조 참고), 절대 기준 후보 하, 규칙 근거: 반복성 또는 Steam 비추천 맥락 근거가 상대적으로 약함","반복 언급된 버그를 재현 가능성 기준으로 분류하고, 플레이 방해 수준이 큰 항목부터 수정한다.",children_of_the_sun
save_progression,1309950,Children of the Sun,저장/진행,5,0,5,0,5,3,5,5,0,0,5,2.01,1.43,1.0,1.0,0.6,0.0,즉시 확인,하,하,절대 기준상 하 또는 개선 우선순위 근거가 상대적으로 약함,반복성 또는 Steam 비추천 맥락 근거가 상대적으로 약함,"영향 리뷰 5개, 부정·혼합 5개, Steam 비추천 맥락 3개, 초반 플레이타임 부정·혼합 5개, High urgency 후보 5개(보조 참고), 절대 기준 후보 하, 규칙 근거: 반복성 또는 Steam 비추천 맥락 근거가 상대적으로 약함","저장 손실, 진행 막힘, 퀘스트 진행 불가 여부를 우선 점검한다.",children_of_the_sun
crash,1309950,Children of the Sun,크래시,5,0,5,0,5,0,5,5,0,0,5,1.99,2.57,1.0,1.0,0.0,0.0,검토 필요,하,하,절대 기준상 하 또는 개선 우선순위 근거가 상대적으로 약함,반복성 또는 Steam 비추천 맥락 근거가 상대적으로 약함,"영향 리뷰 5개, 부정·혼합 5개, Steam 비추천 맥락 0개, 초반 플레이타임 부정·혼합 5개, High urgency 후보 5개(보조 참고), 절대 기준 후보 하, 규칙 근거: 반복성 또는 Steam 비추천 맥락 근거가 상대적으로 약함","크래시 발생 조건과 로그를 우선 확인하고, 재현 가능한 오류부터 수정한다.",children_of_the_sun
balance,1309950,Children of the Sun,밸런스,4,0,3,1,4,1,0,0,0,0,2,5.31,4.87,0.0,1.0,0.25,0.0,검토 필요,하,하,절대 기준상 하 또는 개선 우선순위 근거가 상대적으로 약함,반복성 또는 Steam 비추천 맥락 근거가 상대적으로 약함,"영향 리뷰 4개, 부정·혼합 4개, Steam 비추천 맥락 1개, 초반 플레이타임 부정·혼합 2개, 절대 기준 후보 하, 규칙 근거: 반복성 또는 Steam 비추천 맥락 근거가 상대적으로 약함","전투, 성장, 보상, 적 난이도의 불균형 지점을 조정한다.",children_of_the_sun
progression_grind,1309950,Children of the Sun,성장/반복 노가다,5,2,2,0,2,1,0,0,0,0,2,4.27,3.65,0.0,0.4,0.2,0.0,검토 필요,하,하,절대 기준상 하 또는 개선 우선순위 근거가 상대적으로 약함,반복성 또는 Steam 비추천 맥락 근거가 상대적으로 약함,"영향 리뷰 5개, 부정·혼합 2개, Steam 비추천 맥락 1개, 초반 플레이타임 부정·혼합 2개, 절대 기준 후보 하, 규칙 근거: 반복성 또는 Steam 비추천 맥락 근거가 상대적으로 약함",반복 성장과 노가다 피로를 줄일 수 있는 보상/성장 속도 조정을 검토한다.,children_of_the_sun
optimization,1309950,Children of the Sun,최적화,2,0,2,0,2,0,1,1,0,0,0,5.96,5.96,0.5,1.0,0.0,0.0,검토 필요,하,하,절대 기준상 하 또는 개선 우선순위 근거가 상대적으로 약함,반복성 또는 Steam 비추천 맥락 근거가 상대적으로 약함,"영향 리뷰 2개, 부정·혼합 2개, Steam 비추천 맥락 0개, High urgency 후보 1개(보조 참고), 절대 기준 후보 하, 규칙 근거: 반복성 또는 Steam 비추천 맥락 근거가 상대적으로 약함",최적화 이슈가 특정 구간이나 사양에서 반복되는지 확인한다.,children_of_the_sun
multiplayer_network,1309950,Children of the Sun,멀티/네트워크,2,0,1,0,1,1,0,0,0,0,1,3.14,3.14,0.0,0.5,0.5,0.0,검토 필요,하,하,절대 기준상 하 또는 개선 우선순위 근거가 상대적으로 약함,반복성 또는 Steam 비추천 맥락 근거가 상대적으로 약함,"영향 리뷰 2개, 부정·혼합 1개, Steam 비추천 맥락 1개, 초반 플레이타임 부정·혼합 1개, 절대 기준 후보 하, 규칙 근거: 반복성 또는 Steam 비추천 맥락 근거가 상대적으로 약함",세부 리뷰 확인 후 대응 방향을 검토한다.,children_of_the_sun
developer_communication,1309950,Children of the Sun,개발사 소통,1,0,1,0,1,1,0,0,0,0,1,0.1,0.1,0.0,1.0,1.0,0.0,검토 필요,하,하,절대 기준상 하 또는 개선 우선순위 근거가 상대적으로 약함,반복성 또는 Steam 비추천 맥락 근거가 상대적으로 약함,"영향 리뷰 1개, 부정·혼합 1개, Steam 비추천 맥락 1개, 초반 플레이타임 부정·혼합 1개, 절대 기준 후보 하, 규칙 근거: 반복성 또는 Steam 비추천 맥락 근거가 상대적으로 약함","패치 노트, 공지, 커뮤니티 응답 등 운영 커뮤니케이션을 점검한다.",children_of_the_sun
performance,1309950,Children of the Sun,성능,2,1,0,0,0,0,0,0,0,0,0,7.22,7.22,0.0,0.0,0.0,0.0,검토 필요,하,하,절대 기준상 하 또는 개선 우선순위 근거가 상대적으로 약함,반복성 또는 Steam 비추천 맥락 근거가 상대적으로 약함,"영향 리뷰 2개, 부정·혼합 0개, Steam 비추천 맥락 0개, 절대 기준 후보 하, 규칙 근거: 반복성 또는 Steam 비추천 맥락 근거가 상대적으로 약함","프레임 저하, 로딩, 끊김 등 성능 문제를 환경별로 점검한다.",children_of_the_sun
positive_praise,1309950,Children of the Sun,긍정 칭찬,736,736,0,0,0,11,6,0,10,0,0,4.4,3.86,0.0082,0.0,0.0149,0.0,강점 유지,하,하,강점 유지 항목이므로 개선 우선순위 산정 대상에서 분리,강점 유지 항목이므로 개선 우선순위 산정 대상에서 분리,"영향 리뷰 736개, 부정·혼합 0개, Steam 비추천 맥락 11개, High urgency 후보 6개(보조 참고), 절대 기준 후보 하, 규칙 근거: 강점 유지 항목이므로 개선 우선순위 산정 대상에서 분리","긍정적으로 평가된 요소를 유지하고, 업데이트와 마케팅 메시지에서 강점으로 활용한다.",children_of_the_sun
gameplay_loop,2990640,Endoparasitic 2,게임플레이 루프,87,20,55,4,59,35,22,21,0,0,21,7.87,6.45,0.2529,0.6782,0.4023,0.0,단기 개선,상,상,절대 기준 '상' 후보 중 이번 게임 내 상대 우선순위 상위 5개로 유지,절대 기준 상 후보 + 게임 내 상대 우선순위 상위 이슈,"영향 리뷰 87개, 부정·혼합 59개, Steam 비추천 맥락 35개, 초반 플레이타임 부정·혼합 21개, High urgency 후보 22개(보조 참고), 절대 기준 후보 상, 규칙 근거: 절대 기준 상 후보 + 게임 내 상대 우선순위 상위 이슈","반복 피로, 목표 구조, 보상 흐름을 점검하고 플레이 루프의 지루함을 줄인다.",endoparasitic_2
bug,2990640,Endoparasitic 2,버그,16,1,14,1,15,5,6,6,0,0,2,8.9,8.53,0.375,0.9375,0.3125,0.0,즉시 확인,중,중,절대 기준상 '중' 후보로 분류,부정·혼합 맥락과 Steam 비추천 맥락이 일정 수준 확인,"영향 리뷰 16개, 부정·혼합 15개, Steam 비추천 맥락 5개, 초반 플레이타임 부정·혼합 2개, High urgency 후보 6개(보조 참고), 절대 기준 후보 중, 규칙 근거: 부정·혼합 맥락과 Steam 비추천 맥락이 일정 수준 확인","반복 언급된 버그를 재현 가능성 기준으로 분류하고, 플레이 방해 수준이 큰 항목부터 수정한다.",endoparasitic_2
ui_ux,2990640,Endoparasitic 2,UI/UX,34,2,30,1,31,13,11,11,0,0,15,7.1,6.35,0.3235,0.9118,0.3824,0.0,단기 개선,중,중,절대 기준상 '중' 후보로 분류,부정·혼합 맥락과 Steam 비추천 맥락이 일정 수준 확인,"영향 리뷰 34개, 부정·혼합 31개, Steam 비추천 맥락 13개, 초반 플레이타임 부정·혼합 15개, High urgency 후보 11개(보조 참고), 절대 기준 후보 중, 규칙 근거: 부정·혼합 맥락과 Steam 비추천 맥락이 일정 수준 확인","메뉴, 인벤토리, 퀘스트 안내, 조작 안내 등 편의성 문제를 개선한다.",endoparasitic_2
balance,2990640,Endoparasitic 2,밸런스,32,1,26,2,28,9,8,8,0,0,5,9.18,8.24,0.25,0.875,0.2812,0.0,단기 개선,중,중,절대 기준상 '중' 후보로 분류,부정·혼합 맥락과 Steam 비추천 맥락이 일정 수준 확인,"영향 리뷰 32개, 부정·혼합 28개, Steam 비추천 맥락 9개, 초반 플레이타임 부정·혼합 5개, High urgency 후보 8개(보조 참고), 절대 기준 후보 중, 규칙 근거: 부정·혼합 맥락과 Steam 비추천 맥락이 일정 수준 확인","전투, 성장, 보상, 적 난이도의 불균형 지점을 조정한다.",endoparasitic_2
difficulty,2990640,Endoparasitic 2,난이도,26,3,19,0,19,9,5,5,0,0,2,10.09,10.15,0.1923,0.7308,0.3462,0.0,단기 개선,중,중,절대 기준상 '중' 후보로 분류,부정·혼합 맥락과 Steam 비추천 맥락이 일정 수준 확인,"영향 리뷰 26개, 부정·혼합 19개, Steam 비추천 맥락 9개, 초반 플레이타임 부정·혼합 2개, High urgency 후보 5개(보조 참고), 절대 기준 후보 중, 규칙 근거: 부정·혼합 맥락과 Steam 비추천 맥락이 일정 수준 확인",초반 진입 장벽과 후반 난이도 피로를 구분해 난이도 옵션 또는 안내를 보강한다.,endoparasitic_2
content_volume,2990640,Endoparasitic 2,콘텐츠 분량,33,1,18,1,19,12,4,3,1,1,4,8.96,8.72,0.1212,0.5758,0.3636,1.0,장기 검토,중,중,절대 기준상 '중' 후보로 분류,부정·혼합 맥락과 Steam 비추천 맥락이 일정 수준 확인,"영향 리뷰 33개, 부정·혼합 19개, Steam 비추천 맥락 12개, 최근 30일 부정·혼합 1개, 초반 플레이타임 부정·혼합 4개, High urgency 후보 4개(보조 참고), 절대 기준 후보 중, 규칙 근거: 부정·혼합 맥락과 Steam 비추천 맥락이 일정 수준 확인",콘텐츠 부족·반복성은 단기 패치보다 업데이트 로드맵 관점에서 검토한다.,endoparasitic_2
story,2990640,Endoparasitic 2,스토리,32,6,19,0,19,11,7,7,1,1,1,11.02,9.38,0.2188,0.5938,0.3438,1.0,장기 검토,중,중,절대 기준상 '중' 후보로 분류,부정·혼합 맥락과 Steam 비추천 맥락이 일정 수준 확인,"영향 리뷰 32개, 부정·혼합 19개, Steam 비추천 맥락 11개, 최근 30일 부정·혼합 1개, 초반 플레이타임 부정·혼합 1개, High urgency 후보 7개(보조 참고), 절대 기준 후보 중, 규칙 근거: 부정·혼합 맥락과 Steam 비추천 맥락이 일정 수준 확인","서사 전달, 퀘스트 흐름, 엔딩/분기 만족도를 장기 개선 후보로 검토한다.",endoparasitic_2
save_progression,2990640,Endoparasitic 2,저장/진행,6,0,5,0,5,3,3,3,0,0,3,6.08,4.31,0.5,0.8333,0.5,0.0,즉시 확인,하,하,절대 기준상 하 또는 개선 우선순위 근거가 상대적으로 약함,반복성 또는 Steam 비추천 맥락 근거가 상대적으로 약함,"영향 리뷰 6개, 부정·혼합 5개, Steam 비추천 맥락 3개, 초반 플레이타임 부정·혼합 3개, High urgency 후보 3개(보조 참고), 절대 기준 후보 하, 규칙 근거: 반복성 또는 Steam 비추천 맥락 근거가 상대적으로 약함","저장 손실, 진행 막힘, 퀘스트 진행 불가 여부를 우선 점검한다.",endoparasitic_2
control,2990640,Endoparasitic 2,조작감,8,2,5,0,5,4,4,4,0,0,3,8.9,5.68,0.5,0.625,0.5,0.0,단기 개선,하,하,절대 기준상 하 또는 개선 우선순위 근거가 상대적으로 약함,반복성 또는 Steam 비추천 맥락 근거가 상대적으로 약함,"영향 리뷰 8개, 부정·혼합 5개, Steam 비추천 맥락 4개, 초반 플레이타임 부정·혼합 3개, High urgency 후보 4개(보조 참고), 절대 기준 후보 하, 규칙 근거: 반복성 또는 Steam 비추천 맥락 근거가 상대적으로 약함","이동, 전투, 상호작용 조작의 반응성과 키 설정 편의성을 점검한다.",endoparasitic_2
graphics_audio,2990640,Endoparasitic 2,그래픽/사운드,15,4,8,1,9,7,6,5,0,0,2,8.1,7.75,0.4,0.6,0.4667,0.0,장기 검토,하,하,절대 기준상 하 또는 개선 우선순위 근거가 상대적으로 약함,반복성 또는 Steam 비추천 맥락 근거가 상대적으로 약함,"영향 리뷰 15개, 부정·혼합 9개, Steam 비추천 맥락 7개, 초반 플레이타임 부정·혼합 2개, High urgency 후보 6개(보조 참고), 절대 기준 후보 하, 규칙 근거: 반복성 또는 Steam 비추천 맥락 근거가 상대적으로 약함",그래픽/사운드가 몰입을 방해하는지와 강점으로 작동하는지를 함께 확인한다.,endoparasitic_2
other,2990640,Endoparasitic 2,기타,14,0,6,0,6,6,3,3,1,1,4,6.29,4.65,0.2143,0.4286,0.4286,1.0,검토 필요,하,하,기타 이슈는 원인이 명확하지 않아 세부 리뷰 확인 대상으로 분리,기타 이슈는 원인 범주가 넓어 세부 리뷰 확인 대상으로 분리,"영향 리뷰 14개, 부정·혼합 6개, Steam 비추천 맥락 6개, 최근 30일 부정·혼합 1개, 초반 플레이타임 부정·혼합 4개, High urgency 후보 3개(보조 참고), 절대 기준 후보 하, 규칙 근거: 기타 이슈는 원인 범주가 넓어 세부 리뷰 확인 대상으로 분리",세부 리뷰를 확인해 반복되는 하위 원인이 있는지 검토한다.,endoparasitic_2
price_value,2990640,Endoparasitic 2,가격/가치,5,2,2,0,2,1,1,1,0,0,1,6.85,7.73,0.2,0.4,0.2,0.0,검토 필요,하,하,절대 기준상 하 또는 개선 우선순위 근거가 상대적으로 약함,반복성 또는 Steam 비추천 맥락 근거가 상대적으로 약함,"영향 리뷰 5개, 부정·혼합 2개, Steam 비추천 맥락 1개, 초반 플레이타임 부정·혼합 1개, High urgency 후보 1개(보조 참고), 절대 기준 후보 하, 규칙 근거: 반복성 또는 Steam 비추천 맥락 근거가 상대적으로 약함",가격 대비 만족도 불만이 반복되는지 확인하고 할인/번들/콘텐츠 가치 전달을 검토한다.,endoparasitic_2
performance,2990640,Endoparasitic 2,성능,2,0,2,0,2,1,2,2,0,0,1,14.26,14.26,1.0,1.0,0.5,0.0,검토 필요,하,하,절대 기준상 하 또는 개선 우선순위 근거가 상대적으로 약함,반복성 또는 Steam 비추천 맥락 근거가 상대적으로 약함,"영향 리뷰 2개, 부정·혼합 2개, Steam 비추천 맥락 1개, 초반 플레이타임 부정·혼합 1개, High urgency 후보 2개(보조 참고), 절대 기준 후보 하, 규칙 근거: 반복성 또는 Steam 비추천 맥락 근거가 상대적으로 약함","프레임 저하, 로딩, 끊김 등 성능 문제를 환경별로 점검한다.",endoparasitic_2
crash,2990640,Endoparasitic 2,크래시,1,0,1,0,1,1,1,1,0,0,0,24.0,24.0,1.0,1.0,1.0,0.0,검토 필요,하,하,절대 기준상 하 또는 개선 우선순위 근거가 상대적으로 약함,반복성 또는 Steam 비추천 맥락 근거가 상대적으로 약함,"영향 리뷰 1개, 부정·혼합 1개, Steam 비추천 맥락 1개, High urgency 후보 1개(보조 참고), 절대 기준 후보 하, 규칙 근거: 반복성 또는 Steam 비추천 맥락 근거가 상대적으로 약함","크래시 발생 조건과 로그를 우선 확인하고, 재현 가능한 오류부터 수정한다.",endoparasitic_2
progression_grind,2990640,Endoparasitic 2,성장/반복 노가다,1,0,1,0,1,1,1,1,0,0,0,11.12,11.12,1.0,1.0,1.0,0.0,검토 필요,하,하,절대 기준상 하 또는 개선 우선순위 근거가 상대적으로 약함,반복성 또는 Steam 비추천 맥락 근거가 상대적으로 약함,"영향 리뷰 1개, 부정·혼합 1개, Steam 비추천 맥락 1개, High urgency 후보 1개(보조 참고), 절대 기준 후보 하, 규칙 근거: 반복성 또는 Steam 비추천 맥락 근거가 상대적으로 약함",반복 성장과 노가다 피로를 줄일 수 있는 보상/성장 속도 조정을 검토한다.,endoparasitic_2
developer_communication,2990640,Endoparasitic 2,개발사 소통,1,0,1,0,1,0,0,0,0,0,0,17.52,17.52,0.0,1.0,0.0,0.0,검토 필요,하,하,절대 기준상 하 또는 개선 우선순위 근거가 상대적으로 약함,반복성 또는 Steam 비추천 맥락 근거가 상대적으로 약함,"영향 리뷰 1개, 부정·혼합 1개, Steam 비추천 맥락 0개, 절대 기준 후보 하, 규칙 근거: 반복성 또는 Steam 비추천 맥락 근거가 상대적으로 약함","패치 노트, 공지, 커뮤니티 응답 등 운영 커뮤니케이션을 점검한다.",endoparasitic_2
positive_praise,2990640,Endoparasitic 2,긍정 칭찬,164,164,0,0,0,4,6,0,1,0,0,8.93,8.33,0.0366,0.0,0.0244,0.0,강점 유지,하,하,강점 유지 항목이므로 개선 우선순위 산정 대상에서 분리,강점 유지 항목이므로 개선 우선순위 산정 대상에서 분리,"영향 리뷰 164개, 부정·혼합 0개, Steam 비추천 맥락 4개, High urgency 후보 6개(보조 참고), 절대 기준 후보 하, 규칙 근거: 강점 유지 항목이므로 개선 우선순위 산정 대상에서 분리","긍정적으로 평가된 요소를 유지하고, 업데이트와 마케팅 메시지에서 강점으로 활용한다.",endoparasitic_2
save_progression,619820,Heroes of Hammerwatch II,저장/진행,85,2,82,0,82,77,78,78,1,1,15,44.89,26.97,0.9176,0.9647,0.9059,1.0,즉시 확인,상,상,절대 기준 '상' 후보 중 이번 게임 내 상대 우선순위 상위 6개로 유지,절대 기준 상 후보 + 게임 내 상대 우선순위 상위 이슈,"영향 리뷰 85개, 부정·혼합 82개, Steam 비추천 맥락 77개, 최근 30일 부정·혼합 1개, 초반 플레이타임 부정·혼합 15개, High urgency 후보 78개(보조 참고), 절대 기준 후보 상, 규칙 근거: 절대 기준 상 후보 + 게임 내 상대 우선순위 상위 이슈","저장 손실, 진행 막힘, 퀘스트 진행 불가 여부를 우선 점검한다.",heroes_of_hammerwatch_2
bug,619820,Heroes of Hammerwatch II,버그,82,0,79,0,79,61,61,61,0,0,17,39.17,22.98,0.7439,0.9634,0.7439,0.0,즉시 확인,상,상,절대 기준 '상' 후보 중 이번 게임 내 상대 우선순위 상위 6개로 유지,절대 기준 상 후보 + 게임 내 상대 우선순위 상위 이슈,"영향 리뷰 82개, 부정·혼합 79개, Steam 비추천 맥락 61개, 초반 플레이타임 부정·혼합 17개, High urgency 후보 61개(보조 참고), 절대 기준 후보 상, 규칙 근거: 절대 기준 상 후보 + 게임 내 상대 우선순위 상위 이슈","반복 언급된 버그를 재현 가능성 기준으로 분류하고, 플레이 방해 수준이 큰 항목부터 수정한다.",heroes_of_hammerwatch_2
performance,619820,Heroes of Hammerwatch II,성능,33,2,29,1,30,22,28,28,1,1,8,23.43,10.1,0.8485,0.9091,0.6667,1.0,즉시 확인,상,상,절대 기준 '상' 후보 중 이번 게임 내 상대 우선순위 상위 6개로 유지,절대 기준 상 후보 + 게임 내 상대 우선순위 상위 이슈,"영향 리뷰 33개, 부정·혼합 30개, Steam 비추천 맥락 22개, 최근 30일 부정·혼합 1개, 초반 플레이타임 부정·혼합 8개, High urgency 후보 28개(보조 참고), 절대 기준 후보 상, 규칙 근거: 절대 기준 상 후보 + 게임 내 상대 우선순위 상위 이슈","프레임 저하, 로딩, 끊김 등 성능 문제를 환경별로 점검한다.",heroes_of_hammerwatch_2
crash,619820,Heroes of Hammerwatch II,크래시,21,0,21,0,21,21,21,21,0,0,8,20.37,9.53,1.0,1.0,1.0,0.0,즉시 확인,상,상,절대 기준 '상' 후보 중 이번 게임 내 상대 우선순위 상위 6개로 유지,절대 기준 상 후보 + 게임 내 상대 우선순위 상위 이슈,"영향 리뷰 21개, 부정·혼합 21개, Steam 비추천 맥락 21개, 초반 플레이타임 부정·혼합 8개, High urgency 후보 21개(보조 참고), 절대 기준 후보 상, 규칙 근거: 절대 기준 상 후보 + 게임 내 상대 우선순위 상위 이슈","크래시 발생 조건과 로그를 우선 확인하고, 재현 가능한 오류부터 수정한다.",heroes_of_hammerwatch_2
gameplay_loop,619820,Heroes of Hammerwatch II,게임플레이 루프,306,24,263,5,268,240,82,80,9,7,69,31.17,14.18,0.268,0.8758,0.7843,0.7778,단기 개선,상,상,절대 기준 '상' 후보 중 이번 게임 내 상대 우선순위 상위 6개로 유지,절대 기준 상 후보 + 게임 내 상대 우선순위 상위 이슈,"영향 리뷰 306개, 부정·혼합 268개, Steam 비추천 맥락 240개, 최근 30일 부정·혼합 7개, 초반 플레이타임 부정·혼합 69개, High urgency 후보 82개(보조 참고), 절대 기준 후보 상, 규칙 근거: 절대 기준 상 후보 + 게임 내 상대 우선순위 상위 이슈","반복 피로, 목표 구조, 보상 흐름을 점검하고 플레이 루프의 지루함을 줄인다.",heroes_of_hammerwatch_2
balance,619820,Heroes of Hammerwatch II,밸런스,178,4,171,0,171,137,74,74,3,3,16,45.97,31.02,0.4157,0.9607,0.7697,1.0,단기 개선,상,상,절대 기준 '상' 후보 중 이번 게임 내 상대 우선순위 상위 6개로 유지,절대 기준 상 후보 + 게임 내 상대 우선순위 상위 이슈,"영향 리뷰 178개, 부정·혼합 171개, Steam 비추천 맥락 137개, 최근 30일 부정·혼합 3개, 초반 플레이타임 부정·혼합 16개, High urgency 후보 74개(보조 참고), 절대 기준 후보 상, 규칙 근거: 절대 기준 상 후보 + 게임 내 상대 우선순위 상위 이슈","전투, 성장, 보상, 적 난이도의 불균형 지점을 조정한다.",heroes_of_hammerwatch_2
progression_grind,619820,Heroes of Hammerwatch II,성장/반복 노가다,179,11,149,3,152,136,46,46,3,3,32,36.55,16.62,0.257,0.8492,0.7598,1.0,단기 개선,상,중,"절대 기준상 '상' 후보였으나, 최종 '상' 개수 제한 기준에 따라 '중'으로 조정",절대 기준 상 후보였으나 최종 상위 이슈 제한 기준에 따라 중으로 조정,"영향 리뷰 179개, 부정·혼합 152개, Steam 비추천 맥락 136개, 최근 30일 부정·혼합 3개, 초반 플레이타임 부정·혼합 32개, High urgency 후보 46개(보조 참고), 절대 기준 후보 상, 규칙 근거: 절대 기준 상 후보였으나 최종 상위 이슈 제한 기준에 따라 중으로 조정",반복 성장과 노가다 피로를 줄일 수 있는 보상/성장 속도 조정을 검토한다.,heroes_of_hammerwatch_2
ui_ux,619820,Heroes of Hammerwatch II,UI/UX,69,0,66,0,66,46,31,31,1,1,20,23.6,13.08,0.4493,0.9565,0.6667,1.0,단기 개선,상,중,"절대 기준상 '상' 후보였으나, 최종 '상' 개수 제한 기준에 따라 '중'으로 조정",절대 기준 상 후보였으나 최종 상위 이슈 제한 기준에 따라 중으로 조정,"영향 리뷰 69개, 부정·혼합 66개, Steam 비추천 맥락 46개, 최근 30일 부정·혼합 1개, 초반 플레이타임 부정·혼합 20개, High urgency 후보 31개(보조 참고), 절대 기준 후보 상, 규칙 근거: 절대 기준 상 후보였으나 최종 상위 이슈 제한 기준에 따라 중으로 조정","메뉴, 인벤토리, 퀘스트 안내, 조작 안내 등 편의성 문제를 개선한다.",heroes_of_hammerwatch_2
difficulty,619820,Heroes of Hammerwatch II,난이도,58,8,43,1,44,36,19,19,1,1,14,23.29,10.72,0.3276,0.7586,0.6207,1.0,단기 개선,상,중,"절대 기준상 '상' 후보였으나, 최종 '상' 개수 제한 기준에 따라 '중'으로 조정",절대 기준 상 후보였으나 최종 상위 이슈 제한 기준에 따라 중으로 조정,"영향 리뷰 58개, 부정·혼합 44개, Steam 비추천 맥락 36개, 최근 30일 부정·혼합 1개, 초반 플레이타임 부정·혼합 14개, High urgency 후보 19개(보조 참고), 절대 기준 후보 상, 규칙 근거: 절대 기준 상 후보였으나 최종 상위 이슈 제한 기준에 따라 중으로 조정",초반 진입 장벽과 후반 난이도 피로를 구분해 난이도 옵션 또는 안내를 보강한다.,heroes_of_hammerwatch_2
control,619820,Heroes of Hammerwatch II,조작감,16,0,16,0,16,14,13,13,0,0,8,11.92,4.72,0.8125,1.0,0.875,0.0,단기 개선,중,중,절대 기준상 '중' 후보로 분류,부정·혼합 맥락과 Steam 비추천 맥락이 일정 수준 확인,"영향 리뷰 16개, 부정·혼합 16개, Steam 비추천 맥락 14개, 초반 플레이타임 부정·혼합 8개, High urgency 후보 13개(보조 참고), 절대 기준 후보 중, 규칙 근거: 부정·혼합 맥락과 Steam 비추천 맥락이 일정 수준 확인","이동, 전투, 상호작용 조작의 반응성과 키 설정 편의성을 점검한다.",heroes_of_hammerwatch_2
developer_communication,619820,Heroes of Hammerwatch II,개발사 소통,26,2,23,0,23,23,21,21,0,0,2,51.66,30.21,0.8077,0.8846,0.8846,0.0,운영 커뮤니케이션 개선,중,중,절대 기준상 '중' 후보로 분류,부정·혼합 맥락과 Steam 비추천 맥락이 일정 수준 확인,"영향 리뷰 26개, 부정·혼합 23개, Steam 비추천 맥락 23개, 초반 플레이타임 부정·혼합 2개, High urgency 후보 21개(보조 참고), 절대 기준 후보 중, 규칙 근거: 부정·혼합 맥락과 Steam 비추천 맥락이 일정 수준 확인","패치 노트, 공지, 커뮤니티 응답 등 운영 커뮤니케이션을 점검한다.",heroes_of_hammerwatch_2
content_volume,619820,Heroes of Hammerwatch II,콘텐츠 분량,166,9,136,1,137,112,33,33,0,0,16,38.2,22.0,0.1988,0.8253,0.6747,0.0,장기 검토,상,중,"절대 기준상 '상' 후보였으나, 최종 '상' 개수 제한 기준에 따라 '중'으로 조정",절대 기준 상 후보였으나 최종 상위 이슈 제한 기준에 따라 중으로 조정,"영향 리뷰 166개, 부정·혼합 137개, Steam 비추천 맥락 112개, 초반 플레이타임 부정·혼합 16개, High urgency 후보 33개(보조 참고), 절대 기준 후보 상, 규칙 근거: 절대 기준 상 후보였으나 최종 상위 이슈 제한 기준에 따라 중으로 조정",콘텐츠 부족·반복성은 단기 패치보다 업데이트 로드맵 관점에서 검토한다.,heroes_of_hammerwatch_2
graphics_audio,619820,Heroes of Hammerwatch II,그래픽/사운드,72,18,52,1,53,56,24,20,2,2,21,16.53,11.03,0.3333,0.7361,0.7778,1.0,장기 검토,상,중,"절대 기준상 '상' 후보였으나, 최종 '상' 개수 제한 기준에 따라 '중'으로 조정",절대 기준 상 후보였으나 최종 상위 이슈 제한 기준에 따라 중으로 조정,"영향 리뷰 72개, 부정·혼합 53개, Steam 비추천 맥락 56개, 최근 30일 부정·혼합 2개, 초반 플레이타임 부정·혼합 21개, High urgency 후보 24개(보조 참고), 절대 기준 후보 상, 규칙 근거: 절대 기준 상 후보였으나 최종 상위 이슈 제한 기준에 따라 중으로 조정",그래픽/사운드가 몰입을 방해하는지와 강점으로 작동하는지를 함께 확인한다.,heroes_of_hammerwatch_2
price_value,619820,Heroes of Hammerwatch II,가격/가치,30,9,21,0,21,21,8,8,0,0,3,30.07,16.53,0.2667,0.7,0.7,0.0,장기 검토,중,중,절대 기준상 '중' 후보로 분류,부정·혼합 맥락과 Steam 비추천 맥락이 일정 수준 확인,"영향 리뷰 30개, 부정·혼합 21개, Steam 비추천 맥락 21개, 초반 플레이타임 부정·혼합 3개, High urgency 후보 8개(보조 참고), 절대 기준 후보 중, 규칙 근거: 부정·혼합 맥락과 Steam 비추천 맥락이 일정 수준 확인",가격 대비 만족도 불만이 반복되는지 확인하고 할인/번들/콘텐츠 가치 전달을 검토한다.,heroes_of_hammerwatch_2
multiplayer_network,619820,Heroes of Hammerwatch II,멀티/네트워크,81,13,64,1,65,55,52,52,1,1,17,40.97,14.57,0.642,0.8025,0.679,1.0,검토 필요,상,중,"절대 기준상 '상' 후보였으나, 최종 '상' 개수 제한 기준에 따라 '중'으로 조정",절대 기준 상 후보였으나 최종 상위 이슈 제한 기준에 따라 중으로 조정,"영향 리뷰 81개, 부정·혼합 65개, Steam 비추천 맥락 55개, 최근 30일 부정·혼합 1개, 초반 플레이타임 부정·혼합 17개, High urgency 후보 52개(보조 참고), 절대 기준 후보 상, 규칙 근거: 절대 기준 상 후보였으나 최종 상위 이슈 제한 기준에 따라 중으로 조정",세부 리뷰 확인 후 대응 방향을 검토한다.,heroes_of_hammerwatch_2
other,619820,Heroes of Hammerwatch II,기타,42,0,37,0,37,36,13,13,0,0,9,29.32,19.17,0.3095,0.881,0.8571,0.0,검토 필요,중,중,기타 이슈는 원인이 명확하지 않아 세부 리뷰 확인 대상으로 분리,기타 이슈는 원인 범주가 넓어 세부 리뷰 확인 대상으로 분리,"영향 리뷰 42개, 부정·혼합 37개, Steam 비추천 맥락 36개, 초반 플레이타임 부정·혼합 9개, High urgency 후보 13개(보조 참고), 절대 기준 후보 중, 규칙 근거: 기타 이슈는 원인 범주가 넓어 세부 리뷰 확인 대상으로 분리",세부 리뷰를 확인해 반복되는 하위 원인이 있는지 검토한다.,heroes_of_hammerwatch_2
optimization,619820,Heroes of Hammerwatch II,최적화,8,1,6,0,6,5,6,6,0,0,1,69.59,31.81,0.75,0.75,0.625,0.0,즉시 확인,하,하,절대 기준상 하 또는 개선 우선순위 근거가 상대적으로 약함,반복성 또는 Steam 비추천 맥락 근거가 상대적으로 약함,"영향 리뷰 8개, 부정·혼합 6개, Steam 비추천 맥락 5개, 초반 플레이타임 부정·혼합 1개, High urgency 후보 6개(보조 참고), 절대 기준 후보 하, 규칙 근거: 반복성 또는 Steam 비추천 맥락 근거가 상대적으로 약함",최적화 이슈가 특정 구간이나 사양에서 반복되는지 확인한다.,heroes_of_hammerwatch_2
story,619820,Heroes of Hammerwatch II,스토리,6,2,4,0,4,4,1,0,0,0,2,7.37,4.32,0.1667,0.6667,0.6667,0.0,검토 필요,하,하,절대 기준상 하 또는 개선 우선순위 근거가 상대적으로 약함,반복성 또는 Steam 비추천 맥락 근거가 상대적으로 약함,"영향 리뷰 6개, 부정·혼합 4개, Steam 비추천 맥락 4개, 초반 플레이타임 부정·혼합 2개, High urgency 후보 1개(보조 참고), 절대 기준 후보 하, 규칙 근거: 반복성 또는 Steam 비추천 맥락 근거가 상대적으로 약함","서사 전달, 퀘스트 흐름, 엔딩/분기 만족도를 장기 개선 후보로 검토한다.",heroes_of_hammerwatch_2
monetization,619820,Heroes of Hammerwatch II,과금,5,1,4,0,4,4,2,2,0,0,1,24.45,14.18,0.4,0.8,0.8,0.0,검토 필요,하,하,절대 기준상 하 또는 개선 우선순위 근거가 상대적으로 약함,반복성 또는 Steam 비추천 맥락 근거가 상대적으로 약함,"영향 리뷰 5개, 부정·혼합 4개, Steam 비추천 맥락 4개, 초반 플레이타임 부정·혼합 1개, High urgency 후보 2개(보조 참고), 절대 기준 후보 하, 규칙 근거: 반복성 또는 Steam 비추천 맥락 근거가 상대적으로 약함","가격, DLC, 과금 관련 불만이 반복되는지 확인하고 커뮤니케이션 방식을 점검한다.",heroes_of_hammerwatch_2
positive_praise,619820,Heroes of Hammerwatch II,긍정 칭찬,440,440,0,0,0,29,16,0,5,0,0,33.0,17.53,0.0364,0.0,0.0659,0.0,강점 유지,하,하,강점 유지 항목이므로 개선 우선순위 산정 대상에서 분리,강점 유지 항목이므로 개선 우선순위 산정 대상에서 분리,"영향 리뷰 440개, 부정·혼합 0개, Steam 비추천 맥락 29개, High urgency 후보 16개(보조 참고), 절대 기준 후보 하, 규칙 근거: 강점 유지 항목이므로 개선 우선순위 산정 대상에서 분리","긍정적으로 평가된 요소를 유지하고, 업데이트와 마케팅 메시지에서 강점으로 활용한다.",heroes_of_hammerwatch_2
bug,3150440,Laundry Store Simulator,버그,121,3,111,2,113,37,64,64,4,4,21,20.01,12.88,0.5289,0.9339,0.3058,1.0,즉시 확인,상,상,절대 기준 '상' 후보 중 이번 게임 내 상대 우선순위 상위 6개로 유지,절대 기준 상 후보 + 게임 내 상대 우선순위 상위 이슈,"영향 리뷰 121개, 부정·혼합 113개, Steam 비추천 맥락 37개, 최근 30일 부정·혼합 4개, 초반 플레이타임 부정·혼합 21개, High urgency 후보 64개(보조 참고), 절대 기준 후보 상, 규칙 근거: 절대 기준 상 후보 + 게임 내 상대 우선순위 상위 이슈","반복 언급된 버그를 재현 가능성 기준으로 분류하고, 플레이 방해 수준이 큰 항목부터 수정한다.",laundry_store_simulator
save_progression,3150440,Laundry Store Simulator,저장/진행,17,0,17,0,17,12,17,17,1,1,8,5.7,5.03,1.0,1.0,0.7059,1.0,즉시 확인,상,상,절대 기준 '상' 후보 중 이번 게임 내 상대 우선순위 상위 6개로 유지,절대 기준 상 후보 + 게임 내 상대 우선순위 상위 이슈,"영향 리뷰 17개, 부정·혼합 17개, Steam 비추천 맥락 12개, 최근 30일 부정·혼합 1개, 초반 플레이타임 부정·혼합 8개, High urgency 후보 17개(보조 참고), 절대 기준 후보 상, 규칙 근거: 절대 기준 상 후보 + 게임 내 상대 우선순위 상위 이슈","저장 손실, 진행 막힘, 퀘스트 진행 불가 여부를 우선 점검한다.",laundry_store_simulator
gameplay_loop,3150440,Laundry Store Simulator,게임플레이 루프,154,35,88,4,92,35,37,33,4,1,13,23.64,17.52,0.2403,0.5974,0.2273,0.25,단기 개선,상,상,절대 기준 '상' 후보 중 이번 게임 내 상대 우선순위 상위 6개로 유지,절대 기준 상 후보 + 게임 내 상대 우선순위 상위 이슈,"영향 리뷰 154개, 부정·혼합 92개, Steam 비추천 맥락 35개, 최근 30일 부정·혼합 1개, 초반 플레이타임 부정·혼합 13개, High urgency 후보 37개(보조 참고), 절대 기준 후보 상, 규칙 근거: 절대 기준 상 후보 + 게임 내 상대 우선순위 상위 이슈","반복 피로, 목표 구조, 보상 흐름을 점검하고 플레이 루프의 지루함을 줄인다.",laundry_store_simulator
progression_grind,3150440,Laundry Store Simulator,성장/반복 노가다,54,2,42,2,44,17,14,14,4,4,3,34.57,28.16,0.2593,0.8148,0.3148,1.0,단기 개선,상,상,절대 기준 '상' 후보 중 이번 게임 내 상대 우선순위 상위 6개로 유지,절대 기준 상 후보 + 게임 내 상대 우선순위 상위 이슈,"영향 리뷰 54개, 부정·혼합 44개, Steam 비추천 맥락 17개, 최근 30일 부정·혼합 4개, 초반 플레이타임 부정·혼합 3개, High urgency 후보 14개(보조 참고), 절대 기준 후보 상, 규칙 근거: 절대 기준 상 후보 + 게임 내 상대 우선순위 상위 이슈",반복 성장과 노가다 피로를 줄일 수 있는 보상/성장 속도 조정을 검토한다.,laundry_store_simulator
ui_ux,3150440,Laundry Store Simulator,UI/UX,57,0,42,0,42,11,12,11,2,2,3,27.07,23.27,0.2105,0.7368,0.193,1.0,단기 개선,상,상,절대 기준 '상' 후보 중 이번 게임 내 상대 우선순위 상위 6개로 유지,절대 기준 상 후보 + 게임 내 상대 우선순위 상위 이슈,"영향 리뷰 57개, 부정·혼합 42개, Steam 비추천 맥락 11개, 최근 30일 부정·혼합 2개, 초반 플레이타임 부정·혼합 3개, High urgency 후보 12개(보조 참고), 절대 기준 후보 상, 규칙 근거: 절대 기준 상 후보 + 게임 내 상대 우선순위 상위 이슈","메뉴, 인벤토리, 퀘스트 안내, 조작 안내 등 편의성 문제를 개선한다.",laundry_store_simulator
performance,3150440,Laundry Store Simulator,성능,14,3,11,0,11,6,9,9,1,1,2,26.67,14.4,0.6429,0.7857,0.4286,1.0,즉시 확인,중,중,절대 기준상 '중' 후보로 분류,부정·혼합 맥락과 Steam 비추천 맥락이 일정 수준 확인,"영향 리뷰 14개, 부정·혼합 11개, Steam 비추천 맥락 6개, 최근 30일 부정·혼합 1개, 초반 플레이타임 부정·혼합 2개, High urgency 후보 9개(보조 참고), 절대 기준 후보 중, 규칙 근거: 부정·혼합 맥락과 Steam 비추천 맥락이 일정 수준 확인","프레임 저하, 로딩, 끊김 등 성능 문제를 환경별로 점검한다.",laundry_store_simulator
balance,3150440,Laundry Store Simulator,밸런스,36,3,30,0,30,10,8,8,1,1,2,23.11,18.83,0.2222,0.8333,0.2778,1.0,단기 개선,중,중,절대 기준상 '중' 후보로 분류,부정·혼합 맥락과 Steam 비추천 맥락이 일정 수준 확인,"영향 리뷰 36개, 부정·혼합 30개, Steam 비추천 맥락 10개, 최근 30일 부정·혼합 1개, 초반 플레이타임 부정·혼합 2개, High urgency 후보 8개(보조 참고), 절대 기준 후보 중, 규칙 근거: 부정·혼합 맥락과 Steam 비추천 맥락이 일정 수준 확인","전투, 성장, 보상, 적 난이도의 불균형 지점을 조정한다.",laundry_store_simulator
control,3150440,Laundry Store Simulator,조작감,19,1,18,0,18,8,7,7,1,1,6,14.1,10.72,0.3684,0.9474,0.4211,1.0,단기 개선,중,중,절대 기준상 '중' 후보로 분류,부정·혼합 맥락과 Steam 비추천 맥락이 일정 수준 확인,"영향 리뷰 19개, 부정·혼합 18개, Steam 비추천 맥락 8개, 최근 30일 부정·혼합 1개, 초반 플레이타임 부정·혼합 6개, High urgency 후보 7개(보조 참고), 절대 기준 후보 중, 규칙 근거: 부정·혼합 맥락과 Steam 비추천 맥락이 일정 수준 확인","이동, 전투, 상호작용 조작의 반응성과 키 설정 편의성을 점검한다.",laundry_store_simulator
developer_communication,3150440,Laundry Store Simulator,개발사 소통,20,6,13,0,13,9,8,8,0,0,0,31.52,23.43,0.4,0.65,0.45,0.0,운영 커뮤니케이션 개선,중,중,절대 기준상 '중' 후보로 분류,부정·혼합 맥락과 Steam 비추천 맥락이 일정 수준 확인,"영향 리뷰 20개, 부정·혼합 13개, Steam 비추천 맥락 9개, High urgency 후보 8개(보조 참고), 절대 기준 후보 중, 규칙 근거: 부정·혼합 맥락과 Steam 비추천 맥락이 일정 수준 확인","패치 노트, 공지, 커뮤니티 응답 등 운영 커뮤니케이션을 점검한다.",laundry_store_simulator
content_volume,3150440,Laundry Store Simulator,콘텐츠 분량,59,14,20,0,20,8,9,7,1,0,2,26.74,24.68,0.1525,0.339,0.1356,0.0,장기 검토,중,중,절대 기준상 '중' 후보로 분류,부정·혼합 맥락과 Steam 비추천 맥락이 일정 수준 확인,"영향 리뷰 59개, 부정·혼합 20개, Steam 비추천 맥락 8개, 초반 플레이타임 부정·혼합 2개, High urgency 후보 9개(보조 참고), 절대 기준 후보 중, 규칙 근거: 부정·혼합 맥락과 Steam 비추천 맥락이 일정 수준 확인",콘텐츠 부족·반복성은 단기 패치보다 업데이트 로드맵 관점에서 검토한다.,laundry_store_simulator
other,3150440,Laundry Store Simulator,기타,30,1,21,0,21,16,9,8,0,0,6,18.32,12.58,0.3,0.7,0.5333,0.0,검토 필요,중,중,기타 이슈는 원인이 명확하지 않아 세부 리뷰 확인 대상으로 분리,기타 이슈는 원인 범주가 넓어 세부 리뷰 확인 대상으로 분리,"영향 리뷰 30개, 부정·혼합 21개, Steam 비추천 맥락 16개, 초반 플레이타임 부정·혼합 6개, High urgency 후보 9개(보조 참고), 절대 기준 후보 중, 규칙 근거: 기타 이슈는 원인 범주가 넓어 세부 리뷰 확인 대상으로 분리",세부 리뷰를 확인해 반복되는 하위 원인이 있는지 검토한다.,laundry_store_simulator
crash,3150440,Laundry Store Simulator,크래시,7,0,7,0,7,5,7,7,0,0,0,21.55,9.22,1.0,1.0,0.7143,0.0,즉시 확인,하,하,절대 기준상 하 또는 개선 우선순위 근거가 상대적으로 약함,반복성 또는 Steam 비추천 맥락 근거가 상대적으로 약함,"영향 리뷰 7개, 부정·혼합 7개, Steam 비추천 맥락 5개, High urgency 후보 7개(보조 참고), 절대 기준 후보 하, 규칙 근거: 반복성 또는 Steam 비추천 맥락 근거가 상대적으로 약함","크래시 발생 조건과 로그를 우선 확인하고, 재현 가능한 오류부터 수정한다.",laundry_store_simulator
difficulty,3150440,Laundry Store Simulator,난이도,11,1,5,1,6,4,4,4,0,0,0,16.08,10.83,0.3636,0.5455,0.3636,0.0,단기 개선,하,하,절대 기준상 하 또는 개선 우선순위 근거가 상대적으로 약함,반복성 또는 Steam 비추천 맥락 근거가 상대적으로 약함,"영향 리뷰 11개, 부정·혼합 6개, Steam 비추천 맥락 4개, High urgency 후보 4개(보조 참고), 절대 기준 후보 하, 규칙 근거: 반복성 또는 Steam 비추천 맥락 근거가 상대적으로 약함",초반 진입 장벽과 후반 난이도 피로를 구분해 난이도 옵션 또는 안내를 보강한다.,laundry_store_simulator
graphics_audio,3150440,Laundry Store Simulator,그래픽/사운드,19,4,12,0,12,2,4,3,0,0,2,14.9,10.68,0.2105,0.6316,0.1053,0.0,장기 검토,하,하,절대 기준상 하 또는 개선 우선순위 근거가 상대적으로 약함,반복성 또는 Steam 비추천 맥락 근거가 상대적으로 약함,"영향 리뷰 19개, 부정·혼합 12개, Steam 비추천 맥락 2개, 초반 플레이타임 부정·혼합 2개, High urgency 후보 4개(보조 참고), 절대 기준 후보 하, 규칙 근거: 반복성 또는 Steam 비추천 맥락 근거가 상대적으로 약함",그래픽/사운드가 몰입을 방해하는지와 강점으로 작동하는지를 함께 확인한다.,laundry_store_simulator
price_value,3150440,Laundry Store Simulator,가격/가치,14,8,6,0,6,2,0,0,0,0,1,20.37,18.83,0.0,0.4286,0.1429,0.0,장기 검토,하,하,절대 기준상 하 또는 개선 우선순위 근거가 상대적으로 약함,반복성 또는 Steam 비추천 맥락 근거가 상대적으로 약함,"영향 리뷰 14개, 부정·혼합 6개, Steam 비추천 맥락 2개, 초반 플레이타임 부정·혼합 1개, 절대 기준 후보 하, 규칙 근거: 반복성 또는 Steam 비추천 맥락 근거가 상대적으로 약함",가격 대비 만족도 불만이 반복되는지 확인하고 할인/번들/콘텐츠 가치 전달을 검토한다.,laundry_store_simulator
optimization,3150440,Laundry Store Simulator,최적화,8,2,4,0,4,1,1,1,0,0,0,29.34,21.39,0.125,0.5,0.125,0.0,검토 필요,하,하,절대 기준상 하 또는 개선 우선순위 근거가 상대적으로 약함,반복성 또는 Steam 비추천 맥락 근거가 상대적으로 약함,"영향 리뷰 8개, 부정·혼합 4개, Steam 비추천 맥락 1개, High urgency 후보 1개(보조 참고), 절대 기준 후보 하, 규칙 근거: 반복성 또는 Steam 비추천 맥락 근거가 상대적으로 약함",최적화 이슈가 특정 구간이나 사양에서 반복되는지 확인한다.,laundry_store_simulator
story,3150440,Laundry Store Simulator,스토리,8,3,3,1,4,0,0,0,1,0,0,30.0,36.23,0.0,0.5,0.0,0.0,검토 필요,하,하,절대 기준상 하 또는 개선 우선순위 근거가 상대적으로 약함,반복성 또는 Steam 비추천 맥락 근거가 상대적으로 약함,"영향 리뷰 8개, 부정·혼합 4개, Steam 비추천 맥락 0개, 절대 기준 후보 하, 규칙 근거: 반복성 또는 Steam 비추천 맥락 근거가 상대적으로 약함","서사 전달, 퀘스트 흐름, 엔딩/분기 만족도를 장기 개선 후보로 검토한다.",laundry_store_simulator
monetization,3150440,Laundry Store Simulator,과금,4,0,2,0,2,2,1,1,0,0,0,25.98,23.02,0.25,0.5,0.5,0.0,검토 필요,하,하,절대 기준상 하 또는 개선 우선순위 근거가 상대적으로 약함,반복성 또는 Steam 비추천 맥락 근거가 상대적으로 약함,"영향 리뷰 4개, 부정·혼합 2개, Steam 비추천 맥락 2개, High urgency 후보 1개(보조 참고), 절대 기준 후보 하, 규칙 근거: 반복성 또는 Steam 비추천 맥락 근거가 상대적으로 약함","가격, DLC, 과금 관련 불만이 반복되는지 확인하고 커뮤니케이션 방식을 점검한다.",laundry_store_simulator
multiplayer_network,3150440,Laundry Store Simulator,멀티/네트워크,6,1,2,0,2,0,0,0,0,0,2,5.57,6.25,0.0,0.3333,0.0,0.0,검토 필요,하,하,절대 기준상 하 또는 개선 우선순위 근거가 상대적으로 약함,반복성 또는 Steam 비추천 맥락 근거가 상대적으로 약함,"영향 리뷰 6개, 부정·혼합 2개, Steam 비추천 맥락 0개, 초반 플레이타임 부정·혼합 2개, 절대 기준 후보 하, 규칙 근거: 반복성 또는 Steam 비추천 맥락 근거가 상대적으로 약함",세부 리뷰 확인 후 대응 방향을 검토한다.,laundry_store_simulator
translation_localization,3150440,Laundry Store Simulator,번역/현지화,1,0,1,0,1,0,1,1,1,1,0,26.68,26.68,1.0,1.0,0.0,1.0,검토 필요,하,하,절대 기준상 하 또는 개선 우선순위 근거가 상대적으로 약함,반복성 또는 Steam 비추천 맥락 근거가 상대적으로 약함,"영향 리뷰 1개, 부정·혼합 1개, Steam 비추천 맥락 0개, 최근 30일 부정·혼합 1개, High urgency 후보 1개(보조 참고), 절대 기준 후보 하, 규칙 근거: 반복성 또는 Steam 비추천 맥락 근거가 상대적으로 약함",번역/현지화 불만이 실제 이해도와 진행 경험에 영향을 주는지 검토한다.,laundry_store_simulator
positive_praise,3150440,Laundry Store Simulator,긍정 칭찬,405,405,0,0,0,3,17,0,10,0,0,21.62,14.95,0.042,0.0,0.0074,0.0,강점 유지,하,하,강점 유지 항목이므로 개선 우선순위 산정 대상에서 분리,강점 유지 항목이므로 개선 우선순위 산정 대상에서 분리,"영향 리뷰 405개, 부정·혼합 0개, Steam 비추천 맥락 3개, High urgency 후보 17개(보조 참고), 절대 기준 후보 하, 규칙 근거: 강점 유지 항목이므로 개선 우선순위 산정 대상에서 분리","긍정적으로 평가된 요소를 유지하고, 업데이트와 마케팅 메시지에서 강점으로 활용한다.",laundry_store_simulator
performance,2277320,Necrosmith 2,성능,18,1,17,0,17,13,16,16,0,0,3,15.81,12.27,0.8889,0.9444,0.7222,0.0,즉시 확인,상,상,절대 기준 '상' 후보 중 이번 게임 내 상대 우선순위 상위 6개로 유지,절대 기준 상 후보 + 게임 내 상대 우선순위 상위 이슈,"영향 리뷰 18개, 부정·혼합 17개, Steam 비추천 맥락 13개, 초반 플레이타임 부정·혼합 3개, High urgency 후보 16개(보조 참고), 절대 기준 후보 상, 규칙 근거: 절대 기준 상 후보 + 게임 내 상대 우선순위 상위 이슈","프레임 저하, 로딩, 끊김 등 성능 문제를 환경별로 점검한다.",necrosmith_2
gameplay_loop,2277320,Necrosmith 2,게임플레이 루프,77,8,60,2,62,36,17,15,3,3,25,14.94,8.02,0.2208,0.8052,0.4675,1.0,단기 개선,상,상,절대 기준 '상' 후보 중 이번 게임 내 상대 우선순위 상위 6개로 유지,절대 기준 상 후보 + 게임 내 상대 우선순위 상위 이슈,"영향 리뷰 77개, 부정·혼합 62개, Steam 비추천 맥락 36개, 최근 30일 부정·혼합 3개, 초반 플레이타임 부정·혼합 25개, High urgency 후보 17개(보조 참고), 절대 기준 후보 상, 규칙 근거: 절대 기준 상 후보 + 게임 내 상대 우선순위 상위 이슈","반복 피로, 목표 구조, 보상 흐름을 점검하고 플레이 루프의 지루함을 줄인다.",necrosmith_2
content_volume,2277320,Necrosmith 2,콘텐츠 분량,61,7,39,1,40,15,5,4,3,3,3,21.12,16.87,0.082,0.6557,0.2459,1.0,장기 검토,상,상,절대 기준 '상' 후보 중 이번 게임 내 상대 우선순위 상위 6개로 유지,절대 기준 상 후보 + 게임 내 상대 우선순위 상위 이슈,"영향 리뷰 61개, 부정·혼합 40개, Steam 비추천 맥락 15개, 최근 30일 부정·혼합 3개, 초반 플레이타임 부정·혼합 3개, High urgency 후보 5개(보조 참고), 절대 기준 후보 상, 규칙 근거: 절대 기준 상 후보 + 게임 내 상대 우선순위 상위 이슈",콘텐츠 부족·반복성은 단기 패치보다 업데이트 로드맵 관점에서 검토한다.,necrosmith_2
save_progression,2277320,Necrosmith 2,저장/진행,14,0,14,0,14,8,11,11,0,0,3,25.37,8.32,0.7857,1.0,0.5714,0.0,즉시 확인,중,중,절대 기준상 '중' 후보로 분류,부정·혼합 맥락과 Steam 비추천 맥락이 일정 수준 확인,"영향 리뷰 14개, 부정·혼합 14개, Steam 비추천 맥락 8개, 초반 플레이타임 부정·혼합 3개, High urgency 후보 11개(보조 참고), 절대 기준 후보 중, 규칙 근거: 부정·혼합 맥락과 Steam 비추천 맥락이 일정 수준 확인","저장 손실, 진행 막힘, 퀘스트 진행 불가 여부를 우선 점검한다.",necrosmith_2
bug,2277320,Necrosmith 2,버그,15,2,13,0,13,6,10,10,0,0,5,11.84,11.67,0.6667,0.8667,0.4,0.0,즉시 확인,중,중,절대 기준상 '중' 후보로 분류,부정·혼합 맥락과 Steam 비추천 맥락이 일정 수준 확인,"영향 리뷰 15개, 부정·혼합 13개, Steam 비추천 맥락 6개, 초반 플레이타임 부정·혼합 5개, High urgency 후보 10개(보조 참고), 절대 기준 후보 중, 규칙 근거: 부정·혼합 맥락과 Steam 비추천 맥락이 일정 수준 확인","반복 언급된 버그를 재현 가능성 기준으로 분류하고, 플레이 방해 수준이 큰 항목부터 수정한다.",necrosmith_2
balance,2277320,Necrosmith 2,밸런스,36,1,32,0,32,16,10,10,2,2,4,17.52,16.15,0.2778,0.8889,0.4444,1.0,단기 개선,중,중,절대 기준상 '중' 후보로 분류,부정·혼합 맥락과 Steam 비추천 맥락이 일정 수준 확인,"영향 리뷰 36개, 부정·혼합 32개, Steam 비추천 맥락 16개, 최근 30일 부정·혼합 2개, 초반 플레이타임 부정·혼합 4개, High urgency 후보 10개(보조 참고), 절대 기준 후보 중, 규칙 근거: 부정·혼합 맥락과 Steam 비추천 맥락이 일정 수준 확인","전투, 성장, 보상, 적 난이도의 불균형 지점을 조정한다.",necrosmith_2
ui_ux,2277320,Necrosmith 2,UI/UX,39,0,32,0,32,15,14,13,1,1,14,14.63,7.68,0.359,0.8205,0.3846,1.0,단기 개선,중,중,절대 기준상 '중' 후보로 분류,부정·혼합 맥락과 Steam 비추천 맥락이 일정 수준 확인,"영향 리뷰 39개, 부정·혼합 32개, Steam 비추천 맥락 15개, 최근 30일 부정·혼합 1개, 초반 플레이타임 부정·혼합 14개, High urgency 후보 14개(보조 참고), 절대 기준 후보 중, 규칙 근거: 부정·혼합 맥락과 Steam 비추천 맥락이 일정 수준 확인","메뉴, 인벤토리, 퀘스트 안내, 조작 안내 등 편의성 문제를 개선한다.",necrosmith_2
progression_grind,2277320,Necrosmith 2,성장/반복 노가다,31,0,27,1,28,17,15,15,2,2,7,16.13,15.23,0.4839,0.9032,0.5484,1.0,단기 개선,중,중,절대 기준상 '중' 후보로 분류,부정·혼합 맥락과 Steam 비추천 맥락이 일정 수준 확인,"영향 리뷰 31개, 부정·혼합 28개, Steam 비추천 맥락 17개, 최근 30일 부정·혼합 2개, 초반 플레이타임 부정·혼합 7개, High urgency 후보 15개(보조 참고), 절대 기준 후보 중, 규칙 근거: 부정·혼합 맥락과 Steam 비추천 맥락이 일정 수준 확인",반복 성장과 노가다 피로를 줄일 수 있는 보상/성장 속도 조정을 검토한다.,necrosmith_2
difficulty,2277320,Necrosmith 2,난이도,31,1,24,0,24,12,10,10,0,0,5,15.27,8.02,0.3226,0.7742,0.3871,0.0,단기 개선,중,중,절대 기준상 '중' 후보로 분류,부정·혼합 맥락과 Steam 비추천 맥락이 일정 수준 확인,"영향 리뷰 31개, 부정·혼합 24개, Steam 비추천 맥락 12개, 초반 플레이타임 부정·혼합 5개, High urgency 후보 10개(보조 참고), 절대 기준 후보 중, 규칙 근거: 부정·혼합 맥락과 Steam 비추천 맥락이 일정 수준 확인",초반 진입 장벽과 후반 난이도 피로를 구분해 난이도 옵션 또는 안내를 보강한다.,necrosmith_2
control,2277320,Necrosmith 2,조작감,25,1,19,0,19,8,8,8,0,0,7,13.46,7.68,0.32,0.76,0.32,0.0,단기 개선,중,중,절대 기준상 '중' 후보로 분류,부정·혼합 맥락과 Steam 비추천 맥락이 일정 수준 확인,"영향 리뷰 25개, 부정·혼합 19개, Steam 비추천 맥락 8개, 초반 플레이타임 부정·혼합 7개, High urgency 후보 8개(보조 참고), 절대 기준 후보 중, 규칙 근거: 부정·혼합 맥락과 Steam 비추천 맥락이 일정 수준 확인","이동, 전투, 상호작용 조작의 반응성과 키 설정 편의성을 점검한다.",necrosmith_2
crash,2277320,Necrosmith 2,크래시,7,0,7,0,7,7,7,7,0,0,5,5.82,0.15,1.0,1.0,1.0,0.0,즉시 확인,하,하,절대 기준상 하 또는 개선 우선순위 근거가 상대적으로 약함,반복성 또는 Steam 비추천 맥락 근거가 상대적으로 약함,"영향 리뷰 7개, 부정·혼합 7개, Steam 비추천 맥락 7개, 초반 플레이타임 부정·혼합 5개, High urgency 후보 7개(보조 참고), 절대 기준 후보 하, 규칙 근거: 반복성 또는 Steam 비추천 맥락 근거가 상대적으로 약함","크래시 발생 조건과 로그를 우선 확인하고, 재현 가능한 오류부터 수정한다.",necrosmith_2
developer_communication,2277320,Necrosmith 2,개발사 소통,9,2,7,0,7,6,5,5,0,0,3,17.12,14.2,0.5556,0.7778,0.6667,0.0,운영 커뮤니케이션 개선,하,하,절대 기준상 하 또는 개선 우선순위 근거가 상대적으로 약함,반복성 또는 Steam 비추천 맥락 근거가 상대적으로 약함,"영향 리뷰 9개, 부정·혼합 7개, Steam 비추천 맥락 6개, 초반 플레이타임 부정·혼합 3개, High urgency 후보 5개(보조 참고), 절대 기준 후보 하, 규칙 근거: 반복성 또는 Steam 비추천 맥락 근거가 상대적으로 약함","패치 노트, 공지, 커뮤니티 응답 등 운영 커뮤니케이션을 점검한다.",necrosmith_2
graphics_audio,2277320,Necrosmith 2,그래픽/사운드,7,1,5,0,5,5,0,0,0,0,4,17.9,2.48,0.0,0.7143,0.7143,0.0,장기 검토,하,하,절대 기준상 하 또는 개선 우선순위 근거가 상대적으로 약함,반복성 또는 Steam 비추천 맥락 근거가 상대적으로 약함,"영향 리뷰 7개, 부정·혼합 5개, Steam 비추천 맥락 5개, 초반 플레이타임 부정·혼합 4개, 절대 기준 후보 하, 규칙 근거: 반복성 또는 Steam 비추천 맥락 근거가 상대적으로 약함",그래픽/사운드가 몰입을 방해하는지와 강점으로 작동하는지를 함께 확인한다.,necrosmith_2
story,2277320,Necrosmith 2,스토리,10,2,5,0,5,3,0,0,1,1,1,23.96,18.43,0.0,0.5,0.3,1.0,장기 검토,하,하,절대 기준상 하 또는 개선 우선순위 근거가 상대적으로 약함,반복성 또는 Steam 비추천 맥락 근거가 상대적으로 약함,"영향 리뷰 10개, 부정·혼합 5개, Steam 비추천 맥락 3개, 최근 30일 부정·혼합 1개, 초반 플레이타임 부정·혼합 1개, 절대 기준 후보 하, 규칙 근거: 반복성 또는 Steam 비추천 맥락 근거가 상대적으로 약함","서사 전달, 퀘스트 흐름, 엔딩/분기 만족도를 장기 개선 후보로 검토한다.",necrosmith_2
other,2277320,Necrosmith 2,기타,7,0,2,0,2,1,0,0,0,0,0,39.66,22.95,0.0,0.2857,0.1429,0.0,검토 필요,하,하,기타 이슈는 원인이 명확하지 않아 세부 리뷰 확인 대상으로 분리,기타 이슈는 원인 범주가 넓어 세부 리뷰 확인 대상으로 분리,"영향 리뷰 7개, 부정·혼합 2개, Steam 비추천 맥락 1개, 절대 기준 후보 하, 규칙 근거: 기타 이슈는 원인 범주가 넓어 세부 리뷰 확인 대상으로 분리",세부 리뷰를 확인해 반복되는 하위 원인이 있는지 검토한다.,necrosmith_2
optimization,2277320,Necrosmith 2,최적화,2,0,2,0,2,0,1,1,0,0,0,17.54,17.54,0.5,1.0,0.0,0.0,검토 필요,하,하,절대 기준상 하 또는 개선 우선순위 근거가 상대적으로 약함,반복성 또는 Steam 비추천 맥락 근거가 상대적으로 약함,"영향 리뷰 2개, 부정·혼합 2개, Steam 비추천 맥락 0개, High urgency 후보 1개(보조 참고), 절대 기준 후보 하, 규칙 근거: 반복성 또는 Steam 비추천 맥락 근거가 상대적으로 약함",최적화 이슈가 특정 구간이나 사양에서 반복되는지 확인한다.,necrosmith_2
monetization,2277320,Necrosmith 2,과금,1,0,1,0,1,1,0,0,0,0,0,6.1,6.1,0.0,1.0,1.0,0.0,검토 필요,하,하,절대 기준상 하 또는 개선 우선순위 근거가 상대적으로 약함,반복성 또는 Steam 비추천 맥락 근거가 상대적으로 약함,"영향 리뷰 1개, 부정·혼합 1개, Steam 비추천 맥락 1개, 절대 기준 후보 하, 규칙 근거: 반복성 또는 Steam 비추천 맥락 근거가 상대적으로 약함","가격, DLC, 과금 관련 불만이 반복되는지 확인하고 커뮤니케이션 방식을 점검한다.",necrosmith_2
translation_localization,2277320,Necrosmith 2,번역/현지화,1,0,1,0,1,0,0,0,0,0,0,6.6,6.6,0.0,1.0,0.0,0.0,검토 필요,하,하,절대 기준상 하 또는 개선 우선순위 근거가 상대적으로 약함,반복성 또는 Steam 비추천 맥락 근거가 상대적으로 약함,"영향 리뷰 1개, 부정·혼합 1개, Steam 비추천 맥락 0개, 절대 기준 후보 하, 규칙 근거: 반복성 또는 Steam 비추천 맥락 근거가 상대적으로 약함",번역/현지화 불만이 실제 이해도와 진행 경험에 영향을 주는지 검토한다.,necrosmith_2
multiplayer_network,2277320,Necrosmith 2,멀티/네트워크,1,0,0,0,0,0,0,0,0,0,0,24.07,24.07,0.0,0.0,0.0,0.0,검토 필요,하,하,절대 기준상 하 또는 개선 우선순위 근거가 상대적으로 약함,반복성 또는 Steam 비추천 맥락 근거가 상대적으로 약함,"영향 리뷰 1개, 부정·혼합 0개, Steam 비추천 맥락 0개, 절대 기준 후보 하, 규칙 근거: 반복성 또는 Steam 비추천 맥락 근거가 상대적으로 약함",세부 리뷰 확인 후 대응 방향을 검토한다.,necrosmith_2
price_value,2277320,Necrosmith 2,가격/가치,17,13,3,0,3,2,0,0,1,1,1,13.6,8.1,0.0,0.1765,0.1176,1.0,강점 유지,하,하,강점 유지 항목이므로 개선 우선순위 산정 대상에서 분리,강점 유지 항목이므로 개선 우선순위 산정 대상에서 분리,"영향 리뷰 17개, 부정·혼합 3개, Steam 비추천 맥락 2개, 최근 30일 부정·혼합 1개, 초반 플레이타임 부정·혼합 1개, 절대 기준 후보 하, 규칙 근거: 강점 유지 항목이므로 개선 우선순위 산정 대상에서 분리",가격 대비 만족도 불만이 반복되는지 확인하고 할인/번들/콘텐츠 가치 전달을 검토한다.,necrosmith_2
positive_praise,2277320,Necrosmith 2,긍정 칭찬,206,206,0,0,0,6,8,0,3,0,0,15.87,10.85,0.0388,0.0,0.0291,0.0,강점 유지,하,하,강점 유지 항목이므로 개선 우선순위 산정 대상에서 분리,강점 유지 항목이므로 개선 우선순위 산정 대상에서 분리,"영향 리뷰 206개, 부정·혼합 0개, Steam 비추천 맥락 6개, High urgency 후보 8개(보조 참고), 절대 기준 후보 하, 규칙 근거: 강점 유지 항목이므로 개선 우선순위 산정 대상에서 분리","긍정적으로 평가된 요소를 유지하고, 업데이트와 마케팅 메시지에서 강점으로 활용한다.",necrosmith_2
